,topic,input,output,label,labeler,description,model score,author
964f732fd2ab43099096872463467ee5,/Clear%20Positives%2FLocation,,,topic_marker,anonymous,,,
dad11f9d125a4ccd80b14479938b369b,/Clear%20Positives%2FLocation,this hotel is great,POSITIVE,pass,anonymous,,0.0,
bfb754f7763746e1a64e56b84d38ead7,/Clear%20Positives%2FLocation,i like walking around this place,POSITIVE,pass,anonymous,,0.0,
7528d83c58444e149268787dcaa4a6c3,/Clear%20Positives%2FLocation,the hotel location is great,POSITIVE,pass,anonymous,,0.0,
d98807fa0e344ec8ba0edd29e8644240,/Clear%20Positives%2FLocation,hotel location is good,POSITIVE,pass,anonymous,,0.0,
947d29bca0c940449791931d477102c1,/Clear%20Positives%2FLocation,the staff is nice,POSITIVE,fail,anonymous,,0.0,anonymous
e1fe6c1cca7f419aaf51da3ce33ae58b,/Clear%20Positives%2FLocation,the hotel location is perfect,POSITIVE,pass,anonymous,,0.0,anonymous
64ebaacb28ed4c8bb57cb703facb1356,/Clear%20Positives%2FLocation, i stayed here for a week ,NEGATIVE,fail,anonymous,,0.0,anonymous
5a3691b6134c4097a9d6c98d721088fc,/Clear%20Positives%2FLocation,we like walking to the nearby(town/village),POSITIVE,pass,anonymous,,0.0,anonymous
0f84c9fecbd64e0f8ae5ccc1fac21e1f,/Clear%20Positives%2FLocation,hotel location is great,POSITIVE,pass,anonymous,,0.8868170121022632,anonymous
37eb617b6c464bddadf7f28561e3582b,/Clear%20Positives%2FLocation,this hotel is a great deal ,POSITIVE,pass,anonymous,,0.8767726325246423,anonymous
